{
  "cars": [
    {
      "id": 1,
      "name": "Electricity Bill",
      "price": 50,
      "mileage": 50,
      "color": 50,
      "seats": 50,
      "fuelType": 50,
      "gearType": 50,
      "description": 50
    },
    {
      "id": 1,
      "name": "Electricity Bill",
      "price": 50,
      "mileage": 50,
      "color": 50,
      "seats": 50,
      "fuelType": 50,
      "gearType": 50,
      "description": 50
    },
    {
      "id": "805e",
      "name": "asd",
      "email": "",
      "image": "sd",
      "price": 123,
      "mileage": 123,
      "color": "123",
      "seats": 1,
      "fuelType": "123",
      "gearType": "123",
      "description": "123"
    },
    {
      "id": "6b5a",
      "name": "asd",
      "email": "",
      "image": "sd",
      "price": 123,
      "mileage": 123,
      "color": "123",
      "seats": 1,
      "fuelType": "123",
      "gearType": "123",
      "description": "123"
    },
    {
      "id": "151e",
      "name": "asd",
      "email": "",
      "image": "sd",
      "price": 123,
      "mileage": 123,
      "color": "123",
      "seats": 1,
      "fuelType": "123",
      "gearType": "123",
      "description": "123"
    },
    {
      "id": "32d9",
      "name": "asd",
      "email": "",
      "image": "sd",
      "mileage": 123,
      "seats": 1,
      "fuelType": "123",
      "gearType": "123",
      "description": "123",
      "price": 12
    },
    {
      "id": "e0bd",
      "name": "asd",
      "email": "",
      "image": "sd",
      "mileage": 123,
      "seats": 1,
      "fuelType": "123",
      "gearType": "123",
      "description": "123",
      "price": 12
    },
    {
      "id": "4482",
      "name": "asd",
      "email": "",
      "image": "sd",
      "mileage": 123,
      "seats": 1,
      "fuelType": "123",
      "gearType": "123",
      "description": "123",
      "price": 12
    },
    {
      "id": "d93c",
      "name": "asd",
      "email": "",
      "image": "sd",
      "mileage": 123,
      "seats": 1,
      "fuelType": "123",
      "gearType": "123",
      "description": "123",
      "price": 12
    },
    {
      "id": "f652",
      "name": "asd",
      "email": "",
      "image": "sd",
      "mileage": 123,
      "seats": 1,
      "fuelType": "123",
      "gearType": "123",
      "description": "123",
      "price": 12
    },
    {
      "id": "835f",
      "name": "asd",
      "email": "",
      "image": "sd",
      "mileage": 123,
      "seats": 1,
      "fuelType": "123",
      "gearType": "123",
      "description": "123",
      "price": 12
    }
  ]
}